Date,Description,Amount
2026-08-01,Starbucks Shinjuku,650
2026-08-02,Life Supermarket,4200
2026-08-03,Tokyo Metro Pasmo Topup,2000
2026-08-05,Amazon Japan - USB Cable,1890
2026-08-08,7-Eleven Bento & Drink,720
2026-08-10,Uniqlo Shibuya,5990
2026-08-12,Uber Eats Dinner,2450
2026-08-15,Bic Camera Gadgets,3400
2026-08-20,Maruetsu Groceries,3100
2026-08-25,JR East Train Ticket,1650
2026-08-25,Lawson Station Snack,890
2026-08-25,Starbucks Shinjuku,730
2026-08-25,Tokyo Metro Pasmo Topup,1150
2026-08-25,Seiyu Supermarket,4520
2026-08-26,MUJI Lifestyle Goods,3860
2026-08-26,Lawson Station Snack,380
2026-08-26,Uber Eats Dinner,2490
2026-08-26,Ichiran Ramen Shibuya,1060
2026-08-26,Life Supermarket,3820
2026-08-27,7-Eleven Bento & Drink,890
2026-08-27,Doutor Coffee,640
2026-08-27,Uber Eats Dinner,3040
2026-08-28,Lawson Station Snack,370
2026-08-28,FamilyMart Lunch Box,650
2026-08-28,Sukiya Beef Bowl,1010
2026-08-28,FamilyMart Lunch Box,770
2026-08-29,MUJI Lifestyle Goods,1260
2026-08-29,Life Supermarket,5060
2026-08-29,Sukiya Beef Bowl,640
2026-08-30,FamilyMart Lunch Box,940
2026-08-30,Lawson Station Snack,920
2026-08-31,Maruetsu Groceries,3650
2026-08-31,Saizeriya Italian Restaurant,1550
2026-08-31,Go Taxi Ride,3260
2026-09-01,7-Eleven Bento & Drink,870
2026-09-01,Uber Eats Dinner,3650
2026-09-01,Seiyu Supermarket,5170
2026-09-01,Life Supermarket,4500
2026-09-02,Suica Charge,2730
2026-09-02,FamilyMart Lunch Box,760
2026-09-02,JR East Train Ticket,1610
2026-09-03,Life Supermarket,3840
2026-09-04,Uniqlo Shibuya,7600
2026-09-04,FamilyMart Lunch Box,760
2026-09-05,Amazon Japan Order,4300
2026-09-05,Tokyo Metro Pasmo Topup,2850
2026-09-05,Saizeriya Italian Restaurant,1710
2026-09-05,Doutor Coffee,670
2026-09-05,Life Supermarket,2250
2026-09-06,Maruetsu Groceries,4370
2026-09-06,Saizeriya Italian Restaurant,1870
2026-09-06,Toei Subway Transit,740
2026-09-06,Doutor Coffee,500
2026-09-06,Uber Eats Dinner,3070
2026-09-07,Bic Camera Gadgets,6320
2026-09-07,Life Supermarket,5490
2026-09-08,Amazon Japan Order,3230
2026-09-08,Go Taxi Ride,1500
2026-09-08,7-Eleven Bento & Drink,690
2026-09-08,Seiyu Supermarket,3950
2026-09-08,JR East Train Ticket,2080
2026-09-09,Starbucks Shinjuku,690
2026-09-09,Tokyo Metro Pasmo Topup,1400
2026-09-10,Seiyu Supermarket,5990
2026-09-10,Amazon Japan Order,3890
2026-09-11,Toei Subway Transit,400
2026-09-11,Uniqlo Shibuya,7460
2026-09-11,Maruetsu Groceries,2050
2026-09-12,Life Supermarket,4390
2026-09-13,Seiyu Supermarket,3200
2026-09-14,Toei Subway Transit,760
2026-09-14,Lawson Station Snack,820
2026-09-14,JR East Train Ticket,1450
2026-09-14,Ichiran Ramen Shibuya,1020
2026-09-15,Maruetsu Groceries,4880
2026-09-15,Starbucks Shinjuku,940
2026-09-15,FamilyMart Lunch Box,650
2026-09-16,Kura Sushi Dinner,1660
2026-09-16,Life Supermarket,4830
2026-09-16,Tokyo Metro Pasmo Topup,2240
2026-09-17,Life Supermarket,5180
2026-09-17,MUJI Lifestyle Goods,2020
2026-09-17,7-Eleven Bento & Drink,620
2026-09-18,Starbucks Shinjuku,930
2026-09-18,FamilyMart Lunch Box,1140
2026-09-19,Seiyu Supermarket,5800
2026-09-19,JR East Train Ticket,1190
2026-09-19,Sukiya Beef Bowl,830
2026-09-19,7-Eleven Bento & Drink,920
2026-09-20,Maruetsu Groceries,2380
2026-09-20,Bic Camera Gadgets,7980
2026-09-20,Life Supermarket,5590
2026-09-21,MUJI Lifestyle Goods,3860
2026-09-21,Kura Sushi Dinner,3200
2026-09-21,Doutor Coffee,460
2026-09-21,Starbucks Shinjuku,560
2026-09-22,FamilyMart Lunch Box,940
2026-09-22,Suica Charge,2200
2026-09-23,7-Eleven Bento & Drink,650
2026-09-23,Amazon Japan Order,4920
2026-09-23,JR East Train Ticket,1180
2026-09-24,Go Taxi Ride,3200
2026-09-24,Seiyu Supermarket,3690
2026-09-25,FamilyMart Lunch Box,1170
2026-09-25,Maruetsu Groceries,5060
2026-09-25,Suica Charge,2740
2026-09-25,Life Supermarket,4470
2026-09-25,Saizeriya Italian Restaurant,2220
2026-09-26,7-Eleven Bento & Drink,690
2026-09-26,Ichiran Ramen Shibuya,1540
2026-09-26,Life Supermarket,5250